objid,ra,dec,u,g,r,i,z
588848899934126391,229.013557,-0.108627,21.915,20.758,20.437,20.318,20.29
588848899934128873,229.012258,-0.106399,22.646,21.362,21.142,20.993,21.097
588848899934126376,229.012419,-0.110107,21.076,19.881,19.305,19.086,19.007
588848899934126378,229.009012,-0.108525,21.443,19.958,19.411,19.304,19.515
588848899934127869,229.012176,-0.103745,23.072,21.783,21.414,21.278,21.803
588848899934127871,229.011459,-0.104466,23.357,22.117,21.755,21.621,20.159
588848899934126374,229.020029,-0.107679,19.858,18.399,17.758,17.472,17.348
588848899934126388,229.01511,-0.112885,21.505,20.484,20.143,19.968,20.026
588848899934127237,229.007858,-0.102824,23.615,22.12,21.893,21.891,22.586
588848899934127865,229.014141,-0.103702,25.614,21.485,19.965,18.77,18.15
588848899934127867,229.013107,-0.102049,22.474,21.325,21.022,20.813,20.922
588848899934127868,229.013104,-0.100929,22.377,21.568,21.219,21.264,20.871
588848899934128174,229.016958,-0.104756,22.436,21.411,21.121,21.032,21.056
588848899934126369,229.004633,-0.107314,15.45,15.37,14.76,14.796,13.148
588848899934126539,229.016685,-0.116852,21.813,21.004,20.723,20.745,20.642
588848899934126540,229.01755,-0.11559,22.078,21.144,20.832,20.666,20.713
588848899934127236,229.007606,-0.102169,23.596,20.867,19.397,18.577,18.148
588848899934127322,229.016863,-0.101811,21.706,20.946,20.635,20.496,20.399
588848899934127345,229.017842,-0.099802,22.374,21.192,20.853,20.823,20.688
588848899934127350,229.019602,-0.112648,21.491,20.492,20.185,20.006,19.996
588848899934127351,229.018472,-0.112817,22.338,21.712,21.462,21.216,20.881
588848899934127354,229.021173,-0.111199,22.108,21.161,20.809,20.585,20.577
588848899934127356,229.021866,-0.110679,22.962,21.752,21.364,21.367,21.397
588848899934127866,229.014421,-0.099667,22.247,21.443,21.05,21.108,20.872
588848899934127870,229.013951,-0.098856,23.317,21.929,21.629,21.422,21.505
588848899934128917,229.020294,-0.114539,23.909,22.573,22.23,22.22,21.632
588848899934129429,229.01155,-0.100194,23.557,23.507,22.829,22.903,22.162
588848899934126371,229.000762,-0.10638,18.832,17.545,17.509,17.494,17.546
588848899934126381,229.007724,-0.117585,21.714,20.498,20.028,19.852,19.795
588848899934126398,229.005516,-0.099669,21.257,20.231,19.866,19.757,19.694
588848899934126399,229.005021,-0.100955,21.761,20.588,20.222,20.098,20.084
588848899934126401,229.004787,-0.101481,22.043,21.143,20.819,20.708,20.606
588848899934126405,229.006137,-0.09919,23.206,22.348,21.833,21.467,21.181
588848899934126407,229.003504,-0.101204,23.753,22.639,22.031,21.701,22.617
588848899934126483,229.012783,-0.119945,21.737,20.852,20.616,20.458,20.426
588848899934126484,229.014625,-0.118341,23.007,21.715,21.46,21.253,22.023
588848899934126485,229.013666,-0.118262,23.523,21.867,21.508,21.131,21.157
588848899934126489,229.0148,-0.119863,24.167,23.042,22.762,22.156,22.071
588848899934126531,229.021378,-0.117396,24.172,21.308,19.876,19.18,18.812
588848899934127247,229.00873,-0.097076,25.332,23.959,22.624,22.647,22.504
588848899934127250,229.011022,-0.118537,21.597,20.526,20.132,19.967,19.88
588848899934127344,229.020505,-0.100513,24.276,23.326,22.215,20.556,19.777
588848899934127346,229.019432,-0.100471,22.427,21.65,21.285,21.301,21.657
588848899934127347,229.018568,-0.098662,23.108,21.803,21.495,21.303,20.877
588848899934127355,229.022199,-0.1112,22.546,21.493,21.051,20.959,20.657
588848899934127363,229.022868,-0.102415,21.508,20.489,19.926,19.726,19.803
588848899934127365,229.022706,-0.100494,23.082,22.822,22.637,21.974,22.075
588848899934127366,229.023401,-0.103489,25.602,23.32,22.816,22.134,21.727
588848899934127873,229.013902,-0.097785,24.737,23.365,23.004,22.535,22.226
588848899934128875,229.013719,-0.095988,24.658,22.309,21.18,20.563,20.307
588848899934128902,229.018333,-0.119151,25.011,23.256,22.826,22.849,21.912
588848899934129426,229.010372,-0.120537,23.736,23.952,22.605,23.244,22.204
588848899934129440,229.023544,-0.112221,26.286,24.03,22.67,23.083,23.216
588848899934126370,229.026098,-0.10707,17.034,15.824,15.379,15.22,15.159
588848899934126372,228.997037,-0.109421,21.888,19.404,17.997,17.274,16.872
588848899934126373,229.027106,-0.108501,19.435,18.344,17.574,17.292,17.197
588848899934126379,229.000471,-0.113135,21.508,20.257,19.711,19.51,19.422
588848899934126386,229.001417,-0.115373,21.697,20.538,20.149,20.046,20.104
588848899934126387,229.028833,-0.106404,21.607,20.532,20.191,20.075,20.165
588848899934126396,229.001321,-0.099988,19.71,18.179,17.562,17.272,17.125
588848899934126397,228.999337,-0.10441,21.544,20.313,19.803,19.558,19.508
588848899934126402,229.002134,-0.096595,22.441,21.105,20.849,20.738,20.706
588848899934126403,229.000751,-0.100821,22.519,21.293,20.931,20.872,20.714
588848899934126404,229.001674,-0.101962,22.284,21.414,21.013,20.851,20.865
588848899934126406,228.999839,-0.103585,23.55,22.603,22.004,21.706,21.365
588848899934126409,228.998887,-0.10172,23.74,22.566,22.328,22.136,22.055
588848899934126410,228.998244,-0.103514,24.842,23.231,22.567,22.799,22.091
588848899934126411,229.002387,-0.095054,23.374,23.026,22.541,22.246,21.838
588848899934126413,228.999896,-0.101591,24.195,23.293,22.656,22.365,23.604
588848899934126414,228.998773,-0.10285,23.299,22.972,22.838,22.987,21.401
588848899934126481,229.013163,-0.12125,21.836,19.449,18.017,17.011,16.449
588848899934126482,229.015048,-0.121384,19.796,18.253,17.591,17.319,17.165
588848899934126486,229.014061,-0.121864,23.192,22.385,21.921,21.915,21.719
588848899934126488,229.013163,-0.122806,23.283,22.876,22.595,22.029,21.915
588848899934126490,229.01157,-0.121582,24.209,23.453,22.892,22.239,21.364
588848899934126529,229.023788,-0.115935,18.891,17.623,17.306,17.163,17.117
588848899934126530,229.020125,-0.122846,21.382,19.952,19.407,19.184,19.08
588848899934126532,229.024681,-0.114759,21.178,20.267,19.902,19.746,19.783
588848899934126537,229.025215,-0.116611,22.075,20.905,20.535,20.404,20.476
588848899934126541,229.026533,-0.113277,22.848,21.161,20.85,20.73,21.105
588848899934126551,229.028703,-0.112674,22.916,21.591,21.343,21.158,21.022
588848899934126552,229.028266,-0.11118,22.961,21.796,21.346,21.352,21.004
588848899934127143,229.010707,-0.124864,22.608,21.093,20.799,20.737,20.549
588848899934127144,229.00652,-0.122943,22.541,21.289,20.93,20.775,20.687
588848899934127162,228.997713,-0.115397,23.636,21.789,21.399,21.173,21.596
588848899934127164,228.999339,-0.1158,23.329,22.215,21.972,21.688,21.274
588848899934127244,229.010758,-0.093844,20.957,19.728,19.173,18.926,18.832
588848899934127245,229.008745,-0.094598,22.787,21.555,21.128,21.175,20.704
588848899934127246,229.009265,-0.0957,23.765,22.501,21.966,22.028,23.053
588848899934127248,229.012403,-0.093807,24.831,23.084,22.492,22.673,21.437
588848899934127343,229.018198,-0.09676,21.678,20.633,20.321,20.163,20.067
588848899934127352,229.020661,-0.097509,21.978,21.093,20.732,20.607,20.395
588848899934127362,229.023533,-0.101311,20.612,19.49,19.327,19.286,19.209
588848899934127375,229.024897,-0.097617,20.283,18.894,18.288,18.029,17.883
588848899934128165,229.015576,-0.094344,22.362,21.188,20.882,20.85,20.587
588848899934128814,229.005215,-0.09719,24.988,23.099,22.41,22.092,22.502
588848899934128824,229.007222,-0.095826,22.88,21.738,21.4,21.268,20.749
588848899934128883,229.012018,-0.091775,23.099,22.018,21.692,21.531,21.329
588848899934128900,229.018055,-0.121444,22.964,22.548,22.292,22.043,22.478
588848899934128921,229.021261,-0.09478,22.825,21.678,21.302,20.969,20.903
588848899934128940,229.022728,-0.120074,23.518,22.685,22.339,22.003,21.646
588848899934126272,228.992359,-0.116726,23.242,22.191,21.844,21.354,21.685
588848899934126280,228.990619,-0.113713,24.647,23.163,22.897,22.751,21.507
588848899934126293,228.99268,-0.096575,18.77,17.507,17.394,17.365,17.38
588848899934126295,228.994284,-0.097541,25.091,22.748,22.413,21.924,22.454
588848899934126377,229.035844,-0.108263,21.392,19.943,19.379,19.146,19.042
588848899934126383,229.031047,-0.105408,21.704,20.589,20.184,20.103,19.923
588848899934126384,229.031138,-0.100889,21.734,20.626,20.298,20.175,20.179
588848899934126392,229.033683,-0.104587,21.751,20.735,20.334,20.252,20.399
588848899934126467,229.010834,-0.0894,19.867,18.323,17.658,17.364,17.226
588848899934126468,229.009411,-0.09003,21.846,21.018,20.485,20.278,20.266
588848899934126469,229.009667,-0.091056,23.62,21.23,20.863,20.786,21.179
588848899934126528,229.027186,-0.11694,18.923,16.916,16.109,15.761,15.571
588848899934126543,229.032869,-0.116269,22.2,21.4,21.061,21.064,20.873
588848899934126546,229.030342,-0.123249,22.383,21.684,21.23,21.086,21.845
588848899934126616,229.021068,-0.128541,21.504,20.44,19.951,19.759,19.637
588848899934126620,229.023099,-0.127638,21.559,20.682,20.325,20.223,19.955
588848899934126621,229.020026,-0.129687,21.854,20.804,20.44,20.347,20.353
588848899934126626,229.018032,-0.130945,24.216,22.075,20.721,20.113,19.95
588848899934126628,229.026245,-0.126598,22.23,21.12,20.813,20.577,20.406
588848899934126633,229.024426,-0.128274,22.77,21.331,21.019,21.034,20.9
588848899934127068,228.990285,-0.107442,20.676,19.545,19.03,18.825,18.687
588848899934127069,228.990237,-0.110574,23.438,22.483,22.041,21.698,22.238
588848899934127070,228.989374,-0.108069,25.067,23.359,22.632,22.065,22.677
588848899934127071,228.990248,-0.109048,25.584,23.271,22.749,22.671,22.529
588848899934127080,228.99309,-0.103177,20.708,19.338,18.772,18.509,18.35
588848899934127081,228.992086,-0.105109,21.02,20.084,19.786,19.718,19.665
588848899934127083,228.994012,-0.102356,22.819,21.725,21.36,21.31,21.109
588848899934127127,228.996043,-0.103987,21.858,20.919,20.694,20.541,20.781
588848899934127128,228.995025,-0.104195,23.333,21.793,21.496,21.178,20.965
588848899934127132,229.006581,-0.125845,21.14,19.888,19.306,19.062,18.959
588848899934127138,229.002784,-0.127152,22.19,20.937,20.74,20.437,20.395
588848899934127139,229.00686,-0.127281,21.899,20.916,20.576,20.503,20.309
588848899934127140,228.997332,-0.126308,22.395,21.118,20.756,20.653,20.906
588848899934127141,229.007555,-0.126228,22.224,21.165,20.928,20.623,21.02
588848899934127142,229.001136,-0.126609,21.998,21.236,20.94,20.719,20.725
588848899934127146,229.001788,-0.12709,22.977,21.534,21.386,21.286,21.355
588848899934127151,229.006256,-0.127954,23.22,22.215,22.053,21.857,20.826
588848899934127152,229.00306,-0.1238,23.032,21.895,21.636,21.652,20.652
588848899934127153,229.007562,-0.125243,23.594,22.51,21.974,21.604,21.454
588848899934127154,229.001074,-0.127387,23.662,22.67,22.276,22.001,21.262
588848899934127155,229.008178,-0.124497,23.858,22.531,21.88,21.785,22.188
588848899934127158,228.993202,-0.120119,24.751,23.271,21.624,19.619,18.37
588848899934127160,228.996664,-0.116696,22.04,21.023,20.672,20.512,20.533
588848899934127163,228.993745,-0.118787,23.485,22.467,21.899,21.95,22.047
588848899934127165,228.995861,-0.119111,25.591,22.541,22.336,21.911,21.344
588848899934127166,228.996784,-0.093196,21.567,20.413,20.112,19.967,19.874
588848899934127168,228.996918,-0.097179,22.128,20.265,19.368,19.08,18.863
588848899934127169,228.999149,-0.096258,21.713,20.583,20.201,20.084,19.907
588848899934127170,228.998047,-0.096144,21.896,21.193,21.058,20.973,21.035
588848899934127175,228.99761,-0.121502,21.955,21.259,20.989,20.785,20.641
588848899934127176,228.997979,-0.119721,23.867,22.621,22.345,22.247,21.904
588848899934127178,228.999594,-0.09122,21.424,20.47,20.347,20.288,20.153
588848899934127179,228.99995,-0.093603,21.643,20.623,20.375,20.351,20.306
588848899934127180,228.99853,-0.09117,21.669,20.885,20.576,20.458,20.349
588848899934127181,228.999519,-0.092308,23.462,23.125,22.712,22.283,22.419
588848899934127208,229.004916,-0.086683,21.468,20.449,19.982,19.786,19.726
588848899934127209,229.003445,-0.088651,21.559,20.546,20.096,19.916,19.816
588848899934127210,229.003646,-0.089804,22.232,21.218,20.815,20.739,20.698
588848899934127211,229.006624,-0.08736,22.609,21.348,20.98,20.937,20.573
588848899934127214,229.004377,-0.088114,24.289,23.615,22.681,23.101,21.626
588848899934127288,229.013794,-0.131905,23.814,22.789,22.648,22.246,22.355
588848899934127305,229.015419,-0.084949,21.847,20.924,20.668,20.498,20.474
588848899934127319,229.016296,-0.125236,21.149,20.135,19.784,19.658,19.673
588848899934127320,229.018092,-0.12524,24.406,22.283,21.935,21.793,22.588
588848899934127321,229.017458,-0.124564,23.626,22.576,22.256,21.92,21.381
588848899934127378,229.02504,-0.122199,21.392,20.357,19.957,19.821,19.788
588848899934127379,229.026197,-0.122339,23.999,22.5,22.2,21.958,21.936
588848899934127413,229.028416,-0.095323,22.073,20.786,20.436,20.332,20.067
588848899934127414,229.029713,-0.094508,22.666,21.297,21.017,20.853,20.814
588848899934127415,229.027118,-0.096147,22.802,21.804,21.374,21.519,21.183
588848899934128107,228.996611,-0.11345,22.278,21.248,20.894,20.921,20.532
588848899934128111,229.001118,-0.123302,22.001,21.235,20.91,20.831,20.64
588848899934128121,229.002538,-0.091946,22.246,21.666,21.246,21.135,20.86
588848899934128164,229.014673,-0.126857,21.744,20.974,20.661,20.581,20.623
588848899934128167,229.016756,-0.0872,22.037,21.255,20.86,20.743,20.666
588848899934128168,229.015511,-0.087921,23.089,21.892,21.666,21.458,21.378
588848899934128169,229.014461,-0.087071,23.008,21.928,21.722,21.566,21.25
588848899934128170,229.013569,-0.087544,22.888,22.193,21.67,21.529,21.138
588848899934128171,229.018562,-0.087405,24.75,22.305,22.006,21.747,21.131
588848899934128172,229.017941,-0.085963,23.331,22.45,22.02,21.907,21.42
588848899934128173,229.019325,-0.087081,24.45,22.496,22.102,22.255,21.82
588848899934128737,228.989928,-0.10218,23.327,22.241,22.058,21.835,21.769
588848899934128757,228.99324,-0.106781,22.748,21.419,20.949,20.748,20.749
588848899934128759,228.994802,-0.122294,24.085,22.552,22.266,22.175,22.355
588848899934128813,229.005108,-0.128976,23.768,23.186,23.006,22.822,22.038
588848899934128820,229.006582,-0.090807,22.869,21.856,21.48,21.276,21.17
588848899934128841,229.008039,-0.131572,23.503,22.94,22.608,22.221,21.819
588848899934128849,229.008164,-0.086481,23.232,22.28,21.756,21.668,22.195
588848899934128850,229.008623,-0.085085,24.597,23.294,22.917,22.271,23.212
588848899934128863,229.010841,-0.129431,23.881,22.824,22.219,22.052,21.648
588848899934128867,229.010131,-0.13088,24.198,23.422,22.417,22.572,22.641
588848899934128884,229.012739,-0.091392,23.329,22.602,22.146,22.102,21.228
588848899934128885,229.014177,-0.090843,24.695,23.139,23.094,22.755,22.971
588848899934128929,229.022211,-0.08873,23.262,22.436,22.083,21.682,21.682
588848899934128935,229.022028,-0.125932,25.18,22.728,22.42,22.55,22.58
588848899934128942,229.024441,-0.092405,23.808,22.954,23.007,22.46,21.885
588848899934128949,229.025344,-0.094743,22.837,22.222,21.877,21.5,20.944
588848899934128968,229.027494,-0.09118,24.314,22.91,22.114,22.07,22.013
588848899934128969,229.02644,-0.091427,24.094,22.907,22.228,22.504,21.817
588848899934128970,229.027924,-0.091438,24.155,22.743,22.411,22.22,22.899
588848899934128999,229.032211,-0.113339,23.084,22.347,21.682,21.578,22.234
588848899934129000,229.033003,-0.0981,22.919,21.933,21.341,21.11,21.17
588848899934129433,229.01583,-0.089867,24.384,24.377,22.852,21.893,21.029
588848899934129450,229.035501,-0.10364,24.505,23.502,22.841,23.463,22.247
588848899934126243,228.983777,-0.101607,18.612,16.409,15.514,15.134,14.909
588848899934126248,228.985268,-0.10174,22.621,21.771,21.35,21.914,21.099
588848899934126249,228.981549,-0.106136,22.25,21.448,21.065,20.93,20.906
588848899934126266,228.988413,-0.114781,18.967,17.741,17.595,17.537,17.512
588848899934126267,228.990178,-0.119463,21.032,19.778,19.178,18.965,18.837
588848899934126269,228.988794,-0.113401,22.337,21.233,20.867,20.806,20.553
588848899934126271,228.989378,-0.114166,22.489,21.48,21.085,20.936,20.513
588848899934126273,228.989272,-0.118488,23.27,22.091,21.745,21.716,21.123
588848899934126274,228.989397,-0.116103,23.716,22.063,21.609,21.629,21.926
588848899934126275,228.98829,-0.111528,23.638,22.058,21.734,21.731,21.776
588848899934126277,228.988652,-0.117813,22.961,22.456,22.169,21.838,21.877
588848899934126279,228.990778,-0.118002,24.354,22.9,22.244,22.089,22.487
588848899934126281,228.988377,-0.11691,25.401,23.202,23.564,23.51,22.193
588848899934126294,228.990852,-0.098243,18.815,17.914,17.568,17.433,17.357
588848899934126306,228.995367,-0.088115,18.379,16.137,15.205,14.805,14.577
588848899934126307,228.996363,-0.089754,18.91,17.667,17.351,17.231,17.182
588848899934126308,228.993597,-0.086543,21.448,20.086,19.505,19.257,19.131
588848899934126309,228.998493,-0.088659,21.971,20.838,20.516,20.373,20.183
588848899934126310,228.994608,-0.089334,22.202,21.074,20.892,20.585,21.325
588848899934126311,228.993857,-0.085337,22.537,21.419,21.077,20.868,20.972
588848899934126313,228.995808,-0.091316,23.612,22.567,22.144,21.544,21.458
588848899934126318,228.996129,-0.134805,20.584,19.3,18.738,18.496,18.367
588848899934126327,229.000863,-0.13731,22.416,21.71,21.274,21.064,21.54
588848899934126329,228.999157,-0.136566,23.076,21.923,21.406,21.247,21.321
588848899934126330,228.995006,-0.134226,23.089,21.961,21.528,21.414,21.312
588848899934126334,228.998234,-0.135992,23.047,22.302,21.67,21.595,21.648
588848899934126338,229.001892,-0.138312,25.262,24.216,22.703,22.986,21.896
588848899934126375,229.037607,-0.108544,20.84,19.583,19.022,18.795,18.663
588848899934126459,229.008353,-0.134105,18.885,16.944,16.137,15.793,15.596
588848899934126460,229.005927,-0.133276,21.919,20.625,20.268,20.129,20.185
588848899934126463,229.005032,-0.133022,22.882,22.073,21.62,21.399,21.378
588848899934126464,229.003207,-0.133373,22.671,21.92,21.722,21.553,21.028
588848899934126518,229.023151,-0.083892,19.967,18.573,17.978,17.738,17.613
588848899934126519,229.025112,-0.082773,23.341,21.633,20.796,20.416,20.619
588848899934126521,229.02431,-0.082549,23.757,22.345,21.982,22.211,21.737
588848899934126522,229.02108,-0.082486,24.68,25.134,23.708,21.572,20.779
588848899934126523,229.022157,-0.082908,23.273,22.161,21.839,21.681,21.75
588848899934126525,229.023245,-0.085157,24.671,23.331,23.656,22.707,22.342
588848899934126534,229.031348,-0.126174,21.774,20.674,20.32,20.175,20.002
588848899934126545,229.031236,-0.123525,22.565,21.438,21.167,20.9,20.934
588848899934126548,229.030683,-0.124846,22.884,21.598,21.233,21.029,20.94
588848899934126597,229.034687,-0.127235,19.435,17.766,17.062,16.864,16.581
588848899934126598,229.033264,-0.127987,18.933,17.676,17.292,17.145,17.098
588848899934126599,229.033619,-0.126898,25.082,21.225,19.732,17.886,16.932
588848899934126601,229.036496,-0.127901,24.08,22.659,22.32,22.061,21.104
588848899934126602,229.034794,-0.129392,23.521,22.777,22.728,22.142,21.788
588848899934126605,229.035459,-0.086136,19.608,18.188,17.552,17.257,17.115
588848899934126606,229.032891,-0.086015,21.954,20.823,20.471,20.381,20.272
588848899934126607,229.032156,-0.084226,21.884,21.146,20.847,20.854,20.856
588848899934126608,229.034325,-0.084936,23.002,21.514,21.048,20.84,20.71
588848899934126612,229.03055,-0.132596,22.085,19.668,18.261,17.61,17.244
588848899934126615,229.030241,-0.133066,22.002,20.579,20.138,20.004,20.119
588848899934126617,229.030521,-0.134308,21.438,20.481,19.993,19.857,19.855
588848899934126619,229.030973,-0.131177,21.694,20.809,20.484,20.38,20.358
588848899934126630,229.034189,-0.131295,21.97,21.238,20.811,20.649,21.058
588848899934126638,229.038792,-0.097897,19.868,17.465,16.345,15.909,15.66
588848899934126641,229.040239,-0.097785,22.09,21.07,20.833,20.716,20.662
588848899934126642,229.041994,-0.099455,22.433,21.487,21.107,20.868,20.958
588848899934126643,229.040841,-0.098552,23.403,22.316,21.873,21.671,21.006
588848899934126644,229.042968,-0.099097,25.097,24.213,23.414,21.696,21.315
588848899934126646,229.043882,-0.100376,23.449,22.704,22.158,22.254,21.431
588848899934126647,229.041621,-0.097511,22.576,22.935,22.549,22.113,22.049
588848899934126649,229.038057,-0.099367,22.975,24.633,23.706,22.325,21.703
588848899934126953,228.983254,-0.118594,22.257,21.269,21.095,20.798,20.705
588848899934126986,228.984474,-0.094741,22.483,20.61,19.973,19.691,19.57
588848899934126990,228.988025,-0.090725,21.741,20.705,20.296,20.185,20.073
588848899934126991,228.986013,-0.093706,21.941,21.062,20.812,20.606,20.862
588848899934126993,228.988457,-0.088127,21.87,21.066,20.733,20.554,20.647
588848899934126994,228.986714,-0.091754,22.513,21.295,21.056,20.808,20.731
588848899934126998,228.990093,-0.09102,25.145,24.208,22.533,21.125,20.196
588848899934127001,228.990476,-0.089482,23.183,21.921,21.645,21.296,21.031
588848899934127004,228.986397,-0.092661,23.302,22.396,21.816,21.714,21.475
588848899934127005,228.989429,-0.089449,23.075,22.446,22.05,21.792,21.646
588848899934127030,228.986283,-0.121581,21.473,20.116,19.59,19.357,19.182
588848899934127046,228.988147,-0.1249,22.831,21.306,21.036,20.892,21.038
588848899934127047,228.987395,-0.126113,23.073,21.607,21.124,21.144,20.967
588848899934127048,228.9888,-0.128175,22.757,21.621,21.301,21.256,20.659
588848899934127049,228.988047,-0.126923,22.743,21.591,21.27,21.071,21.286
588848899934127050,228.985966,-0.125245,22.425,22.142,21.687,21.583,21.534
588848899934127051,228.988945,-0.123752,25.366,22.924,22.063,22.212,22.423
588848899934127055,228.988104,-0.103262,22.29,20.801,20.311,20.006,19.826
588848899934127056,228.986303,-0.104045,23.009,21.611,21.203,21.187,21.235
588848899934127062,228.989335,-0.094134,21.447,20.387,20.042,19.861,19.805
588848899934127063,228.988655,-0.093956,21.794,20.751,20.395,20.362,20.423
588848899934127064,228.990856,-0.094928,21.702,20.924,20.658,20.469,20.473
588848899934127065,228.990887,-0.093751,23.761,22.589,22.101,22.263,21.772
588848899934127088,228.99239,-0.13284,21.947,20.89,20.575,20.381,20.347
588848899934127098,228.993607,-0.124304,21.761,20.524,20.142,20.026,19.981
588848899934127099,228.995256,-0.12675,22.3,21.836,21.47,21.288,21.259
588848899934127100,228.99376,-0.125291,22.897,22.071,21.671,21.575,22.408
588848899934127103,228.993411,-0.126375,23.526,22.849,22.371,22.258,21.807
588848899934127104,228.994809,-0.12509,23.226,22.922,22.658,22.542,22.515
588848899934127105,228.992833,-0.125618,23.811,23.14,22.689,22.04,21.785
588848899934127125,228.996047,-0.08402,20.468,19.219,18.689,18.484,18.349
588848899934127133,228.996582,-0.132118,21.318,20.227,19.745,19.531,19.423
588848899934127136,228.996819,-0.131698,23.035,20.672,20.274,20.31,20.005
588848899934127148,228.997864,-0.129845,22.691,21.576,21.219,21.183,20.833
588848899934127150,228.997704,-0.133008,24.691,22.036,21.68,21.308,22.088
588848899934127191,229.000318,-0.087214,20.641,19.277,18.678,18.412,18.285
588848899934127192,228.999326,-0.085824,21.561,20.628,20.285,20.14,19.994
588848899934127203,229.001885,-0.135216,22.087,20.887,20.574,20.307,20.466
588848899934127204,229.001537,-0.134642,23.543,22.232,21.926,21.886,21.49
588848899934127207,229.00483,-0.085028,23.495,20.843,19.648,19.223,19.011
588848899934127212,229.006394,-0.085091,22.645,21.766,21.407,21.155,22.07
588848899934127213,229.005403,-0.083252,23.98,22.421,21.92,21.675,21.256
588848899934127232,229.007574,-0.078224,20.741,19.653,19.61,19.681,19.612
588848899934127233,229.008823,-0.079585,21.81,20.699,20.355,20.311,20.294
588848899934127234,229.008174,-0.081219,23.021,22.333,21.952,21.586,21.646
588848899934127260,229.013604,-0.139483,22.099,21.036,20.751,20.563,20.687
588848899934127264,229.012515,-0.079033,20.506,19.158,18.579,18.318,18.215
588848899934127276,229.013899,-0.134699,22.161,20.332,19.58,19.273,19.099
588848899934127277,229.019779,-0.133458,21.457,20.465,20.079,19.888,19.674
588848899934127279,229.01789,-0.133736,23.577,21.58,21.164,20.911,20.879
588848899934127280,229.015943,-0.135537,23.24,21.623,21.214,21.095,21.08
588848899934127283,229.017668,-0.135584,21.859,22.542,22.051,21.572,21.658
588848899934127285,229.014832,-0.136112,23.532,22.386,22.481,21.959,22.184
588848899934127286,229.016623,-0.135028,24.485,23.019,22.652,22.441,23.329
588848899934127372,229.023944,-0.136614,21.615,20.598,20.208,19.96,19.928
588848899934127373,229.022806,-0.136722,23.208,22.202,21.721,21.6,21.587
588848899934127382,229.024265,-0.078491,23.216,22.29,21.813,21.597,21.835
588848899934127385,229.026677,-0.085883,21.747,19.418,18.286,17.798,17.522
588848899934127386,229.033192,-0.089245,20.529,19.034,18.418,18.181,18.046
588848899934127387,229.026098,-0.084874,22.069,21.047,20.722,20.572,20.564
588848899934127388,229.025584,-0.087184,22.094,21.129,20.761,20.747,20.486
588848899934127389,229.028782,-0.086965,22.21,21.115,20.801,20.753,20.538
588848899934127390,229.030264,-0.086934,22.092,21.304,20.869,20.773,20.64
588848899934127392,229.031099,-0.088978,22.749,22,21.493,21.263,21.038
588848899934127393,229.025849,-0.086608,23.513,22.484,22.082,21.803,22.256
588848899934127394,229.02746,-0.0874,22.707,22.263,21.92,21.732,21.008
588848899934127395,229.033661,-0.088127,24.024,22.659,22.228,21.895,21.863
588848899934127396,229.031815,-0.087518,25.231,23.375,22.489,22.448,22.43
588848899934127425,229.032377,-0.092425,21.664,19.241,18.204,17.81,17.583
588848899934127426,229.032462,-0.091905,22.113,20.719,20.203,20.037,20.458
588848899934127427,229.031571,-0.091049,21.985,20.837,20.453,20.324,20.386
588848899934127428,229.031004,-0.092639,22.304,21.251,20.981,20.77,20.878
588848899934127476,229.034986,-0.124068,21.723,20.566,20.177,20.048,19.986
588848899934127477,229.036152,-0.124848,24.402,22.509,22.004,21.933,21.144
588848899934127490,229.036194,-0.116254,21.604,20.488,20.11,19.98,19.829
588848899934127491,229.037424,-0.116063,21.811,20.599,20.219,20.121,19.99
588848899934127492,229.040343,-0.114585,21.589,20.745,20.375,20.276,20.193
588848899934127493,229.037752,-0.114691,23.673,21.925,21.508,21.522,22.526
588848899934127494,229.038304,-0.114656,23.079,22.088,21.659,21.69,20.981
588848899934127495,229.04227,-0.114244,23.333,21.786,21.514,21.441,20.882
588848899934127496,229.039585,-0.116409,23.38,22.468,21.893,21.837,21.439
588848899934127497,229.039148,-0.11615,22.931,22.129,21.924,21.611,21.963
588848899934127498,229.043764,-0.114096,23.267,22.145,21.864,22.005,22.395
588848899934127499,229.042021,-0.115091,23.448,22.581,22.047,21.887,22.001
588848899934127500,229.040597,-0.113843,24.736,22.946,22.4,22.123,21.554
588848899934127501,229.039047,-0.113274,23.791,22.947,22.573,22.242,21.508
588848899934127521,229.038831,-0.103162,21.781,20.793,20.56,20.391,20.291
588848899934127522,229.0398,-0.102198,22.441,21.616,21.314,20.992,21.009
588848899934127523,229.039235,-0.100971,24.414,23.507,22.538,22.403,21.611
588848899934127525,229.03948,-0.123864,21.669,20.448,19.973,19.797,19.756
588848899934127526,229.038996,-0.122171,21.941,21.029,20.71,20.62,20.59
588848899934127534,229.041331,-0.110756,20.678,19.264,18.653,18.397,18.318
588848899934127535,229.040288,-0.109897,21.629,20.483,19.998,19.85,19.866
588848899934127536,229.042048,-0.109575,22.957,22.308,22.071,21.799,21.592
588848899934127549,229.039977,-0.093197,24.416,22.376,21.846,21.396,20.634
588848899934127556,229.043699,-0.111804,22.13,20.945,20.661,20.449,20.557
588848899934127562,229.044104,-0.106131,21.866,20.81,20.548,20.426,20.221
588848899934127563,229.043402,-0.105063,22.779,21.978,21.601,21.835,21.513
588848899934127564,229.041806,-0.105553,22.944,22.5,22.096,22.003,21.545
588848899934128068,228.98592,-0.099237,22.142,21.299,20.974,20.827,20.985
588848899934128069,228.986459,-0.100131,22.226,21.362,20.969,20.718,20.546
588848899934128075,228.9877,-0.109642,22.143,21.495,21.156,21.155,20.826
588848899934128123,229.005428,-0.080007,22.742,21.279,20.895,20.784,20.567
588848899934128124,229.002797,-0.079748,22.479,21.552,21.211,21.126,21.131
588848899934128125,229.002939,-0.081423,22.197,21.497,21.292,21.077,20.839
588848899934128126,229.004672,-0.079409,23.655,21.966,21.495,21.528,20.963
588848899934128127,229.001194,-0.081788,23.205,22.894,22.528,21.84,21.613
588848899934128128,229.006502,-0.08082,24.164,22.927,22.641,22.359,21.115
588848899934128183,229.018562,-0.083745,24.316,22.456,22.029,22.108,21.946
588848899934128184,229.018619,-0.083111,23.405,22.645,22,21.891,22.319
588848899934128193,229.021781,-0.079599,22.221,21.117,20.756,20.676,20.495
588848899934128200,229.027182,-0.081778,22.619,21.292,20.857,20.963,20.812
588848899934128201,229.027591,-0.081189,22.925,21.937,21.738,21.783,21.29
588848899934128224,229.036851,-0.120433,22.688,21.896,21.532,21.331,21.121
588848899934128225,229.035175,-0.119131,23.485,21.956,21.647,21.512,21.23
588848899934128226,229.036555,-0.121865,23.069,22.259,22.067,21.951,21.739
588848899934128227,229.0347,-0.120113,24.946,23.086,22.626,22.031,21.916
588848899934128228,229.037366,-0.123269,23.883,22.795,22.453,22.163,21.729
588848899934128229,229.035811,-0.119884,25.25,23.236,22.689,22.331,22.354
588848899934128245,229.042774,-0.10766,22.098,21.153,20.833,20.668,20.58
588848899934128676,228.983956,-0.122118,23.243,22.423,21.896,21.769,22.007
588848899934128682,228.984301,-0.110192,22.945,22.21,22.066,21.884,21.414
588848899934128687,228.984451,-0.107885,24.878,22.679,22.291,22.184,22.316
588848899934128700,228.984605,-0.114659,23.623,22.463,21.954,21.6,22.773
588848899934128701,228.983697,-0.11568,23.524,22.482,22.057,21.911,21.095
588848899934128702,228.985675,-0.114668,23.328,22.636,22.038,22.562,21.236
588848899934128705,228.986093,-0.106377,24.942,22.927,22.317,22.729,23.061
588848899934128712,228.987886,-0.10727,25.457,23.04,21.607,20.227,19.544
588848899934128801,229.003695,-0.135937,23.716,22.074,21.74,21.394,21.058
588848899934128836,229.006593,-0.139034,24.122,22.109,21.835,21.51,22.425
588848899934128837,229.005892,-0.138532,25.696,23.225,22.432,22.328,22.864
588848899934128838,229.007867,-0.138953,23.311,23.277,22.534,22.247,22.523
588848899934128840,229.006512,-0.131257,22.888,22.255,21.801,21.54,21.17
588848899934128856,229.010546,-0.080918,22.585,21.269,20.942,20.78,20.698
588848899934128857,229.009964,-0.081825,24.253,22.689,22.155,22.265,21.358
588848899934128874,229.013234,-0.081202,24.453,22.881,22.414,22.141,21.809
588848899934128888,229.015493,-0.080524,23.506,22.359,22.056,21.711,21.762
588848899934128914,229.020081,-0.138471,23.697,22.922,22.511,22.486,21.642
588848899934128932,229.022532,-0.133787,24.413,22.936,23.016,22.429,21.847
588848899934128953,229.026092,-0.0803,23.998,22.917,22.31,21.951,21.35
588848899934128956,229.026501,-0.131563,23.719,22.759,22.33,22.131,22.056
588848899934129012,229.036022,-0.094437,25.332,23.227,23.099,22.345,21.8
588848899934129025,229.037847,-0.095162,23.862,22.581,21.913,22.16,21.068
588848899934129026,229.037908,-0.092041,22.82,22.206,21.674,21.649,21.814
588848899934129065,229.041771,-0.102627,23.162,22.835,22.243,22.048,21.511
588848899934129075,229.043945,-0.103158,23.236,22.979,22.545,22.646,22.171
588848899934129413,228.992452,-0.122336,25.42,23.679,22.718,22.971,21.426
588848899934126208,228.970512,-0.099407,18.764,17.678,17.872,18.049,18.165
588848899934126209,228.967459,-0.102168,21.379,20.327,19.725,19.553,19.281
588848899934126211,228.969819,-0.101426,21.92,20.479,20.105,19.988,19.909
588848899934126214,228.971405,-0.100379,22.484,21.543,21.243,21.057,21.003
588848899934126229,228.975611,-0.133779,22.707,21.603,21.227,21.194,20.914
588848899934126231,228.976206,-0.134849,23.672,22.741,22.193,22.116,22.374
588848899934126234,228.978299,-0.115287,19.313,17.724,17.026,16.721,16.559
588848899934126237,228.979111,-0.086591,19.424,17.96,17.39,17.196,17.083
588848899934126238,228.977373,-0.087933,23.794,22.468,21.809,21.749,21.699
588848899934126244,228.978411,-0.102249,21.777,20.703,20.316,20.108,20.149
588848899934126245,228.976124,-0.102288,21.645,20.816,20.455,20.426,20.325
588848899934126246,228.979045,-0.102077,21.941,21.084,20.789,20.699,20.977
588848899934126247,228.98117,-0.101417,22.357,21.513,21.124,20.981,20.795
588848899934126250,228.979726,-0.106685,23.215,21.785,21.507,21.229,20.987
588848899934126251,228.976889,-0.101611,22.863,22.133,21.668,21.524,21.074
588848899934126252,228.980986,-0.101959,24.737,22.335,21.875,21.618,20.524
588848899934126253,228.979773,-0.103942,24.294,23.877,22.047,21.596,21.271
588848899934126257,228.976159,-0.101074,23.303,22.735,22.423,22.058,21.336
588848899934126258,228.975282,-0.102771,23.372,23.91,22.673,22.461,21.911
588848899934126259,228.978316,-0.1034,23.6,23.37,23.042,22.599,22.399
588848899934126263,228.987768,-0.14491,22.462,21.09,20.728,20.69,20.539
588848899934126316,228.997126,-0.137938,20.105,17.58,16.238,15.543,15.118
588848899934126317,228.997373,-0.141209,20.434,18.617,17.884,17.607,17.464
588848899934126320,229.000143,-0.138262,21.553,20.587,20.245,20.132,20.064
588848899934126321,229.002254,-0.143237,21.535,20.546,20.274,20.303,20.236
588848899934126322,229.003022,-0.141283,21.912,20.774,20.461,20.306,20.276
588848899934126324,229.000573,-0.14266,21.933,21.047,20.72,20.555,20.361
588848899934126325,228.996239,-0.136774,22.504,21.488,21.433,21.397,20.8
588848899934126326,228.994908,-0.138632,22.526,21.535,21.184,21.069,21.204
588848899934126328,228.998267,-0.138698,22.565,22.25,22.272,21.859,21.355
588848899934126331,228.99915,-0.141692,22.616,21.742,21.453,21.212,21.093
588848899934126332,229.001363,-0.139757,23.638,22.002,21.556,21.357,21.533
588848899934126333,228.995594,-0.141015,23.501,22.31,21.804,21.76,21.345
588848899934126335,229.002144,-0.139686,23.762,24.151,22.547,22.06,21.354
588848899934126337,229.000732,-0.143592,25.5,23.226,22.613,22.453,22.626
588848899934126342,229.001165,-0.14977,18.203,16.812,16.262,16.026,15.917
588848899934126343,228.997984,-0.149888,19.036,17.199,16.439,16.101,15.922
588848899934126344,229.001324,-0.146724,20.757,18.422,17.342,16.927,16.701
588848899934126345,229.00221,-0.152065,20.687,19.557,18.969,18.732,18.576
588848899934126346,228.993368,-0.145272,21.649,20.437,19.933,19.756,19.67
588848899934126347,229.00502,-0.14816,21.763,20.49,20.071,19.964,19.842
588848899934126348,228.991747,-0.145222,22.055,21.024,20.723,20.59,20.584
588848899934126351,229.005109,-0.145453,22.059,21.135,20.721,20.605,20.562
588848899934126352,228.997949,-0.145431,22.101,21.168,20.794,20.761,20.548
588848899934126355,228.99619,-0.145113,22.363,21.27,20.903,20.769,20.854
588848899934126356,228.99436,-0.145767,22.782,21.522,21.104,20.942,20.615
588848899934126357,228.995094,-0.143752,22.752,21.61,21.205,21.069,21.185
588848899934126358,229.003178,-0.146071,22.349,21.606,21.241,21.206,21.085
588848899934126359,228.999933,-0.14602,22.275,21.654,21.362,21.239,20.631
588848899934126361,229.003423,-0.149693,24.258,22.978,21.836,21.126,20.77
588848899934126364,229.004596,-0.146401,24.09,22.861,22.124,21.765,21.882
588848899934126365,228.99514,-0.14656,24.185,22.325,22.082,21.883,21.327
588848899934126366,229.004504,-0.144394,23.294,22.3,21.919,21.76,21.526
588848899934126495,229.022504,-0.066081,15.047,15.237,14.802,13.131,13.095
588848899934126496,229.026357,-0.073473,21.803,20.912,20.51,20.399,20.379
588848899934126497,229.019599,-0.070345,21.86,20.898,20.597,20.406,20.545
588848899934126498,229.024376,-0.073445,21.988,21.11,20.806,20.629,21.552
588848899934126500,229.024225,-0.07401,22.532,21.177,20.786,20.726,20.569
588848899934126505,229.019439,-0.071315,23.132,22.522,21.681,21.393,21.457
588848899934126506,229.025304,-0.071821,24.253,22.407,21.959,22.101,21.649
588848899934126511,229.019137,-0.063918,24.19,23.383,23.941,22.984,21.866
588848899934126515,229.01881,-0.068993,25.351,23.083,22.774,22.03,22.101
588848899934126611,229.036092,-0.134229,18.672,16.458,15.577,15.199,14.977
588848899934126613,229.038789,-0.134463,21.24,20.002,19.412,19.119,19.145
588848899934126614,229.041401,-0.132787,21.187,19.912,19.36,19.123,18.965
588848899934126618,229.033448,-0.132791,22.157,20.875,20.374,20.149,19.997
588848899934126622,229.035865,-0.132213,21.924,20.933,20.562,20.439,20.32
588848899934126623,229.034619,-0.136865,22.022,21.113,20.786,20.565,20.7
588848899934126624,229.038352,-0.135762,21.779,20.821,20.491,20.338,20.173
588848899934126625,229.034988,-0.137512,22.463,21.096,20.838,20.715,20.833
588848899934126627,229.042075,-0.133877,22.196,21.028,20.645,20.555,20.38
588848899934126629,229.036336,-0.135179,22.961,21.341,20.257,20.119,22.837
588848899934126631,229.039311,-0.133913,22.583,21.256,20.985,20.85,20.607
588848899934126634,229.031974,-0.135958,22.641,21.422,21.093,21.067,20.585
588848899934126639,229.044249,-0.097135,21.93,20.094,19.263,18.963,18.791
588848899934126640,229.043756,-0.097388,22.061,20.876,20.594,20.358,20.37
588848899934126645,229.044024,-0.098809,23.68,22.553,22.113,21.882,21.309
588848899934126648,229.044797,-0.095669,24.238,23.22,22.448,22.433,21.796
588848899934126662,229.045203,-0.129314,18.665,17.431,17.553,17.676,17.753
588848899934126663,229.047748,-0.128366,21.849,21.075,20.812,20.619,20.636
588848899934126664,229.045919,-0.126227,22.39,21.247,20.916,20.849,20.905
588848899934126671,229.042415,-0.141281,22.36,21.243,20.954,20.871,20.8
588848899934126672,229.04304,-0.14195,22.777,21.633,21.285,21.168,21.177
588848899934126677,229.051286,-0.118475,18.859,17.613,17.315,17.184,17.162
588848899934126678,229.05335,-0.119418,21.747,20.726,20.338,20.228,20.171
588848899934126680,229.054511,-0.120902,22.075,20.929,20.614,20.444,20.4
588848899934126681,229.051278,-0.11958,22.375,21.358,21.085,20.98,21.06
588848899934126685,229.05213,-0.090285,18.672,17.495,17.015,16.845,16.787
588848899934126885,228.968781,-0.114385,22.375,21.139,20.794,20.728,20.595
588848899934126889,228.971899,-0.122977,20.869,19.532,18.955,18.705,18.571
588848899934126890,228.970067,-0.122651,21.669,20.688,20.322,20.282,20.068
588848899934126892,228.970295,-0.123754,22.745,22.084,21.657,21.472,21.474
588848899934126893,228.970994,-0.126003,22.675,21.884,21.705,21.441,21.349
588848899934126894,228.973117,-0.121789,23.908,22.415,22.021,21.893,21.802
588848899934126945,228.978009,-0.096146,21.729,20.488,20.063,19.872,19.938
588848899934126946,228.977596,-0.098134,22.486,21.566,21.11,21.027,20.821
588848899934126947,228.977809,-0.096882,24.226,22.385,21.99,22.004,21.72
588848899934126949,228.97849,-0.124294,22.481,19.752,18.628,18.219,17.926
588848899934126950,228.978436,-0.119168,21.857,20.974,20.586,20.555,20.512
588848899934126951,228.978453,-0.122526,21.999,20.984,20.698,20.566,20.817
588848899934126952,228.976224,-0.12031,25.476,23.039,21.397,20.308,19.787
588848899934126954,228.981077,-0.118785,22.393,21.253,21.211,20.827,21.079
588848899934126955,228.982215,-0.118739,23.057,21.575,21.354,21.13,20.565
588848899934126957,228.97966,-0.118947,22.681,21.845,21.499,21.414,21.423
588848899934126958,228.980352,-0.120359,23.752,22.715,22.282,22.184,21.431
588848899934126959,228.978773,-0.120964,22.504,22.867,22.157,21.997,21.48
588848899934126960,228.98115,-0.120856,24.159,22.962,22.419,22.343,21.766
588848899934126961,228.977282,-0.121962,23.788,24.391,22.524,22.513,22.935
588848899934126968,228.980395,-0.133646,21.909,20.913,20.611,20.513,20.328
588848899934126969,228.981993,-0.133526,22.286,21.609,21.097,20.996,21.668
588848899934126970,228.980243,-0.134805,22.256,21.66,21.4,21.29,21.105
588848899934126971,228.980374,-0.095491,21.921,20.866,20.484,20.275,20.144
588848899934126972,228.980661,-0.108991,21.382,20.454,20.022,19.803,19.736
588848899934126987,228.985523,-0.08701,21.589,20.425,19.964,19.767,19.706
588848899934126988,228.981651,-0.093613,21.706,20.605,20.361,20.257,20.269
588848899934126989,228.988473,-0.087315,21.923,20.703,20.37,20.188,20.291
588848899934126992,228.987745,-0.087092,24.794,23.689,22.067,20.362,19.509
588848899934126996,228.988097,-0.083408,22.536,21.587,21.317,21.185,20.915
588848899934126997,228.981106,-0.09054,22.971,21.836,21.292,21.144,20.845
588848899934127000,228.981425,-0.091976,24.997,22.942,21.737,21.355,21.679
588848899934127006,228.987424,-0.08702,23.98,22.955,23.018,22.858,22.179
588848899934127016,228.98537,-0.144971,21.581,20.477,20.006,19.858,19.732
588848899934127044,228.987077,-0.127491,21.606,20.454,20.009,19.727,20.026
588848899934127053,228.987788,-0.13185,21.604,20.484,20.098,19.913,19.858
588848899934127085,228.99251,-0.081064,20.412,18.933,18.328,18.076,17.902
588848899934127086,228.991482,-0.080249,23.582,22.807,22.273,22.048,22.124
588848899934127111,228.994212,-0.070261,21.256,20.202,19.839,19.711,19.624
588848899934127112,228.992364,-0.070562,23.905,23.059,22.52,22.113,21.725
588848899934127120,228.996198,-0.077141,22.745,21.534,21.153,21.025,20.572
588848899934127121,228.996481,-0.078698,24.072,22.429,21.94,21.53,21.632
588848899934127221,229.004735,-0.073145,21.182,20.152,19.712,19.579,19.488
588848899934127222,229.005871,-0.07396,23.088,21.501,21.11,21.02,21.379
588848899934127223,229.005834,-0.075726,24.274,22.04,21.67,21.499,21.024
588848899934127224,229.004894,-0.07233,24.065,22.332,21.931,21.733,21.358
588848899934127227,229.00742,-0.150952,21.868,20.688,20.319,20.185,20.049
588848899934127228,229.008705,-0.151169,21.864,20.886,20.579,20.462,20.133
588848899934127229,229.008515,-0.149132,23.129,21.945,21.538,21.455,20.932
588848899934127230,229.007913,-0.151777,25.581,24.881,23.52,22.347,23.085
588848899934127239,229.007785,-0.142421,21.47,20.428,20.073,19.86,19.725
588848899934127241,229.010529,-0.069744,21.642,20.605,20.255,20.106,19.997
588848899934127252,229.011157,-0.149305,21.367,20.4,19.998,19.843,19.856
588848899934127253,229.010878,-0.148239,22.153,21.315,20.93,20.758,20.707
588848899934127254,229.011605,-0.150729,22.266,21.286,20.943,20.895,20.853
588848899934127255,229.01308,-0.153524,23.123,21.766,21.272,21.079,20.794
588848899934127256,229.012268,-0.152411,23.232,22.243,21.809,21.912,22.592
588848899934127257,229.011298,-0.152483,23.75,22.353,21.86,21.594,22.085
588848899934127262,229.012115,-0.072959,21.2,20.215,19.849,19.664,19.635
588848899934127263,229.012905,-0.073589,22.484,21.253,21.017,20.741,20.545
588848899934127268,229.014867,-0.145286,21.741,20.724,20.406,20.299,20.277
588848899934127269,229.013176,-0.145429,21.513,20.688,20.293,20.151,20.17
588848899934127271,229.012271,-0.144189,22.666,21.977,21.426,21.131,22.019
588848899934127272,229.01441,-0.147605,22.338,21.993,21.584,21.388,20.913
588848899934127273,229.01576,-0.146466,24.566,22.903,22.19,23.076,22.354
588848899934127274,229.013308,-0.147343,23.558,22.463,22.055,21.86,21.468
588848899934127311,229.015584,-0.072999,22.042,20.865,20.478,20.273,20.38
588848899934127314,229.01392,-0.071904,23.007,22.226,21.687,21.541,21.408
588848899934127316,229.014948,-0.071967,23.52,22.438,22.242,22.08,21.579
588848899934127335,229.018192,-0.153077,20.517,19.061,18.461,18.173,18.068
588848899934127339,229.021264,-0.152385,22.729,22.068,21.726,21.561,21.001
588848899934127340,229.019489,-0.15194,23.256,22.606,22.149,21.79,21.673
588848899934127381,229.025035,-0.077118,21.793,20.593,20.182,20.065,19.859
588848899934127397,229.027329,-0.076855,21.641,20.677,20.296,20.142,20.024
588848899934127417,229.031814,-0.145755,21.584,20.718,20.35,20.282,20.442
588848899934127418,229.029402,-0.146679,21.885,20.944,20.559,20.391,20.539
588848899934127419,229.031,-0.147081,22.3,21.413,20.875,20.785,20.924
588848899934127420,229.029674,-0.071792,20.212,19.007,19.015,19.052,19.22
588848899934127444,229.034484,-0.141662,20.432,19.112,18.525,18.278,18.168
588848899934127445,229.033269,-0.13936,20.357,19.121,19.157,19.218,19.262
588848899934127446,229.035233,-0.146962,21.595,20.646,20.283,20.202,20.23
588848899934127448,229.036495,-0.145155,22.032,20.983,20.61,20.398,20.248
588848899934127449,229.035065,-0.140675,22.094,21.142,20.868,20.756,20.63
588848899934127450,229.026493,-0.138523,22.339,21.282,20.969,20.823,20.822
588848899934127451,229.027903,-0.138747,22.143,21.249,20.936,20.758,20.941
588848899934127454,229.030048,-0.14099,22.151,21.466,21.127,21.087,21.119
588848899934127455,229.03526,-0.144195,23.171,21.556,21.193,21.128,21.132
588848899934127456,229.029939,-0.139117,22.821,21.723,21.287,21.169,21.064
588848899934127457,229.033984,-0.14341,23.763,22.132,21.804,21.732,21.038
588848899934127460,229.026095,-0.13778,23.369,22.587,22.502,22.195,22.746
588848899934127461,229.027591,-0.139647,25.962,22.872,22.127,22.391,21.18
588848899934127462,229.033306,-0.140936,23.954,22.741,22.301,21.989,22.196
588848899934127463,229.025212,-0.138188,23.226,22.751,22.636,22.204,21.754
588848899934127464,229.026443,-0.140226,24.587,23.047,22.441,22.205,22.163
588848899934127465,229.036821,-0.144483,25.164,23.938,23.359,22.35,22.981
588848899934127528,229.039472,-0.083011,21.774,20.68,20.261,20.067,20.061
588848899934127529,229.040182,-0.082468,21.858,20.934,20.588,20.438,20.352
588848899934127530,229.039386,-0.081091,22.233,21.071,20.7,20.656,20.671
588848899934127531,229.038151,-0.081924,22.038,21.189,20.885,20.692,20.8
588848899934127532,229.039934,-0.084137,22.907,21.851,21.36,21.37,21.277
588848899934127542,229.041489,-0.127248,22.138,20.978,20.625,20.445,20.322
588848899934127543,229.042159,-0.126712,22.484,21.575,21.271,21.195,21.071
588848899934127544,229.041237,-0.127844,23.788,22.708,22.358,21.97,21.792
588848899934127545,229.04123,-0.128639,22.894,22.418,21.978,21.671,22.124
588848899934127548,229.04191,-0.091146,22.612,21.64,21.235,21.024,21.235
588848899934127554,229.043718,-0.125681,21.61,20.441,19.955,19.801,19.819
588848899934127566,229.044675,-0.138294,22.081,21.169,20.791,20.709,20.516
588848899934127567,229.044529,-0.139169,22.264,21.421,21.067,20.909,20.984
588848899934127574,229.045868,-0.107677,21.778,20.857,20.56,20.376,20.27
588848899934127575,229.046919,-0.109379,22.455,21.811,21.455,21.251,20.952
588848899934127576,229.046295,-0.108212,24.044,22.211,21.541,21.413,21.892
588848899934127579,229.046274,-0.12358,21.975,21.026,20.663,20.502,20.452
588848899934127580,229.045504,-0.124144,22.934,21.951,21.135,20.99,20.345
588848899934127581,229.047502,-0.122412,22.915,21.524,21.239,21.091,21.044
588848899934127592,229.046962,-0.078017,21.326,20.226,19.724,19.569,19.355
588848899934127594,229.047049,-0.111631,21.321,20.159,19.598,19.341,19.282
588848899934127595,229.049628,-0.112519,23.614,23.057,21.585,20.093,19.479
588848899934127597,229.048691,-0.108695,23.779,22.139,21.597,21.511,21.055
588848899934127598,229.049166,-0.11164,23.928,22.982,22.304,21.986,21.258
588848899934127599,229.049558,-0.109701,23.857,22.762,22.26,22.19,22.265
588848899934127600,229.047487,-0.112773,24.328,23.004,23.546,22.483,21.989
588848899934127603,229.047872,-0.114822,21.88,20.804,20.476,20.344,20.405
588848899934127610,229.047874,-0.137576,22.78,21.717,21.278,21.142,21.188
588848899934127612,229.046879,-0.137368,24.407,23.491,22.633,22.15,22.096
588848899934127619,229.0495,-0.080936,21.523,20.461,19.974,19.747,19.758
588848899934127628,229.049651,-0.133263,22.234,19.377,17.906,17.037,16.532
588848899934127648,229.051544,-0.129166,21.519,20.558,20.199,20.059,20.007
588848899934127649,229.050333,-0.130603,24.505,22.603,22.253,21.676,21.779
588848899934127650,229.051452,-0.130688,23.83,22.789,22.286,22.077,22.211
588848899934127657,229.054951,-0.108159,23.825,22.637,21.197,19.404,18.39
588848899934127658,229.056379,-0.108214,21.788,20.638,20.28,20.129,20.063
588848899934127659,229.05343,-0.107427,21.83,20.731,20.374,20.245,20.219
588848899934127660,229.051165,-0.106409,22.127,21.182,20.749,20.671,20.375
588848899934127661,229.057644,-0.107401,22.329,21.351,20.886,20.845,20.679
588848899934127662,229.051777,-0.107763,22.275,21.361,21.025,20.929,20.772
588848899934127663,229.053401,-0.108777,24.045,22.12,21.582,21.305,21.697
588848899934127670,229.05461,-0.111429,21.398,20.293,19.775,19.569,19.599
588848899934127671,229.053554,-0.112332,21.655,20.747,20.421,20.294,20.305
588848899934127672,229.052664,-0.111828,22.296,21.454,21.238,20.858,20.444
588848899934127673,229.055299,-0.110771,25.27,23.126,22.391,22.358,22.092
588848899934127675,229.053947,-0.126822,20.508,19.094,18.484,18.214,18.091
588848899934127681,229.053963,-0.092272,21.793,20.654,20.266,20.123,20.065
588848899934127698,229.056935,-0.097377,21.744,20.806,20.478,20.282,20.487
588848899934127699,229.056917,-0.09565,23.183,21.896,21.572,21.427,21.3
588848899934127856,228.976394,-0.090144,25.705,21.887,20.321,19.223,18.685
588848899934127886,229.045504,-0.121164,24.424,21.758,20.299,19.552,19.071
588848899934127888,229.045551,-0.119647,23.555,22.216,21.852,21.567,22.179
588848899934127889,229.043614,-0.122047,23.986,22.384,22.018,21.699,21.622
588848899934127890,229.043555,-0.118789,24.064,23.136,22.549,22.595,22.598
588848899934127897,229.052428,-0.114961,23.994,22.04,20.462,19.834,19.464
588848899934127935,229.058163,-0.110266,23.55,22.343,21.805,21.576,21.692
588848899934127936,229.058144,-0.112379,24.326,23.083,22.55,22.216,22.992
588848899934128010,228.967902,-0.110544,21.98,20.972,20.641,20.53,20.171
588848899934128013,228.969636,-0.092857,22.518,22.069,21.462,21.312,21.643
588848899934128025,228.972921,-0.12939,22.922,22.176,21.716,21.387,21.031
588848899934128026,228.974033,-0.129852,25.499,22.917,22.315,22.237,21.939
588848899934128027,228.972389,-0.128395,24.93,23.156,22.677,22.791,23.041
588848899934128032,228.973993,-0.105135,22.46,21.372,21.037,20.966,20.92
588848899934128034,228.976043,-0.127531,22.546,21.787,21.318,21.186,20.934
588848899934128035,228.977375,-0.127081,23.147,21.753,21.48,21.432,21.698
588848899934128036,228.975357,-0.128356,23.868,22.076,21.496,21.564,21.448
588848899934128038,228.977458,-0.112182,22.509,21.544,21.075,21.068,21.219
588848899934128039,228.978106,-0.110807,23.681,23.009,22.787,22.105,21.798
588848899934128052,228.983216,-0.082467,22.945,21.42,21.137,21.149,20.83
588848899934128053,228.983122,-0.079855,23.85,22.135,21.584,21.288,21.072
588848899934128056,228.981619,-0.079443,23.856,22.69,22.605,22.512,22.555
588848899934128057,228.98013,-0.079432,24.165,23.203,22.736,22.382,21.927
588848899934128058,228.980565,-0.080639,25.201,23.689,22.75,23.248,23.643
588848899934128063,228.985888,-0.140325,22.482,21.399,21.213,21,21.134
588848899934128064,228.984816,-0.140049,22.959,21.727,21.322,21.287,21.162
588848899934128065,228.984657,-0.142028,23.27,22.249,21.82,21.686,21.45
588848899934128066,228.984555,-0.139232,22.953,23.029,22.698,22.343,21.332
588848899934128077,228.990164,-0.135432,22.57,21.305,21.102,20.818,20.887
588848899934128078,228.984276,-0.134172,22.526,21.418,20.957,20.952,20.704
588848899934128079,228.989964,-0.137087,22.183,21.483,21.188,21.083,21.655
588848899934128080,228.987467,-0.135508,22.767,21.901,21.593,21.61,21.67
588848899934128082,228.988015,-0.136096,22.816,22.112,21.95,21.774,22.476
588848899934128083,228.986315,-0.134554,22.95,22.521,21.933,22.032,21.48
588848899934128085,228.985482,-0.134098,24.761,23.017,22.814,22.11,21.243
588848899934128118,229.001436,-0.06932,22.424,22.004,21.694,21.651,21.449
588848899934128120,229.001731,-0.070531,24.458,25.193,25.415,24.604,20.537
588848899934128176,229.017158,-0.074129,22.432,21.473,21.065,20.953,21.05
588848899934128177,229.017472,-0.075573,23.819,23.045,22.576,22.302,22.828
588848899934128179,229.018051,-0.148704,22.587,21.698,21.343,21.53,21.008
588848899934128180,229.017352,-0.148573,22.884,21.545,21.187,21.087,21.176
588848899934128186,229.018474,-0.143431,22.206,21.718,21.215,21.172,20.864
588848899934128188,229.019425,-0.14183,22.293,21.349,21.005,20.806,20.767
588848899934128209,229.031845,-0.075256,22.477,21.517,21.188,21.12,21.23
588848899934128210,229.031134,-0.076922,23.084,21.939,21.579,21.482,21.655
588848899934128213,229.032559,-0.069608,22.353,21.457,21.241,21.079,20.99
588848899934128232,229.037421,-0.142812,22.455,21.316,20.944,20.788,20.545
588848899934128233,229.040427,-0.139933,22.608,21.552,21.131,21.15,20.863
588848899934128234,229.039429,-0.140718,22.173,21.585,21.171,21.089,21.433
588848899934128236,229.037964,-0.143419,23.714,22.124,21.445,21.398,20.75
588848899934128237,229.038513,-0.140284,23.252,21.677,21.274,21.402,21.503
588848899934128238,229.039202,-0.142556,22.911,21.908,21.487,21.417,21.777
588848899934128240,229.038907,-0.13935,24.356,22.397,22.016,22.032,22.381
588848899934128241,229.039789,-0.14378,23.492,22.591,22.264,22.055,22.252
588848899934128252,229.045447,-0.088352,22.33,21.308,20.956,20.998,20.66
588848899934128253,229.048568,-0.094604,22.501,21.763,21.395,21.271,21.019
588848899934128262,229.049448,-0.086138,22.122,21.271,20.807,20.632,20.518
588848899934128272,229.05472,-0.102524,22.37,21.736,21.276,21.044,21.218
588848899934128273,229.055229,-0.103367,23.169,21.753,21.275,21.339,21.871
588848899934128274,229.054095,-0.10245,24.728,24.961,22.904,21.604,20.741
588848899934128275,229.055168,-0.105034,23.301,22.498,22.051,21.744,22.494
588848899934128276,229.054588,-0.100814,23.504,22.382,22.044,21.893,21.235
588848899934128277,229.053294,-0.102145,23.502,22.629,22.091,21.886,21.477
588848899934128582,228.970176,-0.10507,24.336,22.852,22.448,22.247,22.665
588848899934128584,228.971287,-0.113069,23.052,21.911,21.718,21.684,21.278
588848899934128594,228.97249,-0.118275,24.584,22.922,22.329,22.171,21.869
588848899934128595,228.972763,-0.102127,23.045,22.787,22.627,22.841,22.833
588848899934128597,228.972909,-0.086712,25.079,22.902,22.464,22.257,22.146
588848899934128599,228.972994,-0.109961,25.036,23.213,23.568,22.779,21.833
588848899934128603,228.973383,-0.095389,23.781,23.231,23.157,22.91,21.705
588848899934128605,228.974252,-0.108552,23.04,21.745,21.451,21.22,21.261
588848899934128609,228.974636,-0.111211,23.928,22.111,21.721,21.665,21.474
588848899934128611,228.974401,-0.088102,22.636,21.445,21.054,21.073,21.091
588848899934128612,228.97495,-0.086788,23.023,22.128,21.796,21.71,21.302
588848899934128620,228.975995,-0.106049,24.189,22.631,22.202,21.936,22.234
588848899934128647,228.979808,-0.138666,23.393,22.029,21.645,21.502,21.439
588848899934128649,228.980741,-0.13033,23.719,23.707,21.706,20.443,19.736
588848899934128650,228.980191,-0.131518,23.616,22.633,22.186,22.14,21.774
588848899934128658,228.980414,-0.11404,23.629,21.909,21.581,21.387,21.049
588848899934128663,228.981763,-0.125816,22.711,21.746,21.354,21.153,21.206
588848899934128664,228.981852,-0.099021,24.876,22.058,21.69,21.735,22.2
588848899934128666,228.981921,-0.128586,23.048,21.982,21.559,21.682,21.451
588848899934128667,228.981919,-0.127669,22.972,22.49,22.117,21.978,21.621
588848899934128669,228.982088,-0.076081,25.227,22.514,21.353,20.76,20.448
588848899934128675,228.983732,-0.126509,24.021,23.473,23.247,22.392,22.836
588848899934128681,228.984389,-0.130897,22.936,21.584,21.348,21.261,21.35
588848899934128689,228.98475,-0.079073,22.819,21.776,21.423,21.173,21.349
588848899934128690,228.983619,-0.078014,23.696,22.62,21.992,22.055,22.545
588848899934128691,228.987032,-0.078649,23.716,22.378,22.009,21.857,21.25
588848899934128698,228.985472,-0.128613,23.619,23.21,22.941,22.612,22.191
588848899934128709,228.986773,-0.070838,24.075,23.553,22.568,22.806,22.308
588848899934128720,228.988715,-0.07666,22.97,21.51,21.178,21.021,20.677
588848899934128726,228.989903,-0.140957,24.46,22.61,22.168,22.003,22.282
588848899934128728,228.990122,-0.0702,23.311,21.859,21.632,21.472,21.613
588848899934128729,228.990042,-0.070884,23.384,22.428,21.686,21.459,21.055
588848899934128730,228.990691,-0.071812,25.751,23.407,22.536,22.434,21.351
588848899934128740,228.990734,-0.084833,23.259,21.915,21.516,21.511,20.763
588848899934128742,228.990952,-0.077675,23.685,23.025,22.687,22.36,21.652
588848899934128765,228.9962,-0.073967,24.422,23.129,22.762,22.253,21.862
588848899934128771,228.997799,-0.072929,23.073,22.226,21.947,21.817,21.58
588848899934128796,228.999601,-0.074084,24.761,25.497,24.248,24.54,20.709
588848899934128800,229.002673,-0.065002,22.725,22.031,21.607,21.381,21.542
588848899934128806,229.006352,-0.069414,22.664,21.814,21.478,21.324,20.64
588848899934128807,229.004446,-0.069967,22.853,21.918,21.562,21.382,22.094
588848899934128808,229.006875,-0.06827,24.333,22.526,21.98,22.02,21.041
588848899934128816,229.005494,-0.142643,23.507,22.423,22.122,22.398,21.92
588848899934128827,229.008135,-0.065596,24.793,24.151,23.005,22.759,22.084
588848899934128829,229.006163,-0.152863,25.134,23.387,22.074,20.702,19.985
588848899934128853,229.009896,-0.145188,23.342,22.777,22.083,22.009,21.693
588848899934128869,229.011467,-0.146275,24.462,22.398,21.939,21.757,21.814
588848899934128877,229.013788,-0.150356,22.852,22.014,21.607,21.598,21.777
588848899934128891,229.015871,-0.140966,22.956,21.876,21.386,21.512,21.44
588848899934128892,229.013858,-0.141569,22.62,22.03,21.589,21.524,21.049
588848899934128894,229.016435,-0.067772,23.134,22.294,21.785,21.682,21.639
588848899934128905,229.018815,-0.145395,23.342,22.881,22.513,23.158,22.814
588848899934128915,229.020189,-0.148848,22.817,22.147,21.856,21.833,21.625
588848899934128918,229.020434,-0.075564,23.715,22.303,21.74,21.671,21.019
588848899934128923,229.0213,-0.146735,24.493,22.962,22.528,22.45,21.655
588848899934128927,229.022223,-0.142808,22.854,21.617,21.326,21.189,21.011
588848899934128928,229.02043,-0.14406,23.044,21.656,21.301,21.058,20.838
588848899934128951,229.025919,-0.14968,22.902,22.894,22.111,22.204,22.17
588848899934128952,229.025278,-0.14845,23.665,22.612,22.228,22.311,22.03
588848899934128961,229.027089,-0.143344,22.822,22.332,22.223,22.228,21.788
588848899934128963,229.027241,-0.148088,22.951,21.665,21.371,21.136,21.31
588848899934128975,229.028099,-0.1511,23.686,22.399,21.909,21.666,21.071
588848899934128989,229.02974,-0.143787,23.343,22.019,21.621,21.703,22.193
588848899934128990,229.031586,-0.1436,24.584,22.444,21.892,21.9,22.238
588848899934128992,229.028597,-0.144406,23.936,22.631,21.935,21.996,21.417
588848899934128993,229.03041,-0.1445,24.926,22.812,22.118,22.455,21.654
588848899934128995,229.031707,-0.071801,24.489,23.339,23.494,23.514,23.08
588848899934129014,229.036178,-0.076255,24.286,22.212,21.835,21.722,21.953
588848899934129029,229.037822,-0.086818,24.827,23.045,22.718,22.304,21.69
588848899934129034,229.038431,-0.129454,23.526,23.278,22.891,23.028,22.021
588848899934129039,229.039473,-0.087811,24.514,22.536,22.103,21.903,22.537
588848899934129040,229.040156,-0.089184,23.933,22.943,22.414,22.103,22.136
588848899934129049,229.04039,-0.073689,24.524,22.547,22.055,22.069,22.204
588848899934129050,229.040016,-0.072504,23.392,22.778,22.183,21.803,22.108
588848899934129051,229.040359,-0.077393,23.927,23.005,22.534,22.311,22.243
588848899934129058,229.040942,-0.136699,23.597,21.697,21.1,20.905,20.563
588848899934129059,229.040828,-0.137584,23.597,22.833,22.439,23.649,22.557
588848899934129061,229.041464,-0.123521,24.305,23.359,22.707,22.527,22.279
588848899934129063,229.040873,-0.079085,22.663,21.398,21.047,20.888,20.885
588848899934129064,229.04166,-0.079951,23.012,23.022,22.688,22.234,22.246
588848899934129066,229.041948,-0.087466,23.334,22.067,21.608,21.431,21.491
588848899934129069,229.042742,-0.082988,23.119,22.083,21.586,21.497,21.442
588848899934129080,229.043888,-0.079274,22.962,22.746,22.411,21.812,21.766
588848899934129081,229.044451,-0.07865,23.189,22.876,22.664,22.835,23.537
588848899934129084,229.04537,-0.116182,24.12,23.377,22.835,22.695,21.462
588848899934129088,229.046154,-0.134246,23.794,22.581,22.062,22.279,22.13
588848899934129100,229.048268,-0.082774,23.445,22.946,22.262,22.021,22.091
588848899934129101,229.048834,-0.102693,23.632,22.417,21.807,21.841,21.916
588848899934129109,229.048998,-0.12575,24.727,23.286,23.228,22.631,22.518
588848899934129111,229.049791,-0.091686,24.227,22.944,22.214,22.165,21.938
588848899934129113,229.046845,-0.100577,22.983,22.079,21.576,21.617,21.153
588848899934129114,229.048737,-0.100246,25.064,22.369,22.009,21.806,22.696
588848899934129118,229.049262,-0.12306,24.761,22.588,22.174,21.866,22.108
588848899934129119,229.049936,-0.123708,23.749,23.264,22.293,22.777,22.182
588848899934129121,229.050064,-0.083225,23.155,22.951,22.924,22.462,22.802
588848899934129122,229.050325,-0.114422,23.935,22.134,20.981,20.405,20.074
588848899934129123,229.050239,-0.089059,24,22.624,22.027,21.862,21.568
588848899934129125,229.050749,-0.122354,24.196,23.01,22.835,22.371,21.59
588848899934129133,229.051692,-0.093802,23.623,23.086,22.498,22.533,22.261
588848899934129136,229.052334,-0.124981,24.402,22.541,22.021,22.17,22.033
588848899934129137,229.052322,-0.121327,23.411,22.442,22.184,21.679,21.902
588848899934129148,229.054322,-0.098762,24.134,22.744,22.364,22.086,21.71
588848899934129156,229.054355,-0.114449,23.47,23.242,23.143,22.548,22.095
588848899934129167,229.056167,-0.117265,24.272,22.434,22.148,21.936,22.09
588848899934129174,229.057487,-0.099978,23.032,22.366,22.168,21.829,21.355
588848899934129387,228.97253,-0.114076,24.555,23.647,22.705,22.099,22.197
588848899934129390,228.97476,-0.112878,23.426,23.616,22.867,23.116,21.811
588848899934129391,228.974721,-0.095867,23.309,23.303,22.632,22.574,23.003
588848899934129407,228.982796,-0.123989,25.779,23.362,21.925,20.934,20.296
588848899934129419,228.995378,-0.072116,23.528,23.558,22.363,20.904,20.333
588848899934129428,229.011453,-0.064893,24.413,23.974,22.302,21.751,21.591
588848899934129437,229.022708,-0.141085,25.065,24.95,22.764,22.641,21.643
588848899934129448,229.034913,-0.082876,24.575,23.511,22.636,22.455,22.929
588848899934129455,229.041972,-0.075673,25.661,24.057,22.83,22.737,22.348
588848899934129458,229.046219,-0.086829,25.07,23.996,22.727,22.831,22.706
588848899934129461,229.049041,-0.106663,25.101,23.439,22.296,22.138,22.029
588848899934129516,228.995712,-0.067241,24.61,24.347,23.136,21.81,21.33
588848899934129527,229.028084,-0.136546,25.571,24.195,23.156,21.613,20.882
588848899934126207,228.966377,-0.101397,19.358,18.261,17.137,16.923,16.836
588848899934126212,228.96468,-0.104021,21.717,20.444,19.982,19.837,19.682
588848899934126213,228.96477,-0.101841,22.125,21.769,20.886,20.704,20.56
588848899934126216,228.963378,-0.104247,23.338,22.216,21.672,21.667,21.016
588848899934126222,228.969145,-0.127907,18.504,16.678,15.944,15.625,15.472
588848899934126223,228.967357,-0.127569,22.683,21.725,21.456,21.372,23.28
588848899934126226,228.972435,-0.134802,16.8,15.428,14.893,14.696,14.628
588848899934126227,228.975697,-0.135445,25.12,22.9,21.041,19.809,19.075
588848899934126228,228.973463,-0.137928,22.206,21.441,21.02,20.926,20.808
588848899934126262,228.987714,-0.147213,19.987,18.471,17.834,17.56,17.391
588848899934126349,229.002519,-0.155508,21.954,20.976,20.827,20.618,21.179
588848899934126350,229.003972,-0.155659,25.535,23.02,21.218,20.49,19.906
588848899934126354,229.003409,-0.15571,22.336,21.407,21.221,20.894,20.834
588848899934126360,229.004139,-0.156856,22.887,21.856,21.308,21.296,21.054
588848899934126362,229.000375,-0.156581,24.31,21.908,21.488,21.689,20.855
588848899934126499,229.022213,-0.062089,21.871,20.937,20.619,20.428,20.4
588848899934126512,229.018869,-0.062502,25.861,22.615,22.276,21.986,21.711
588848899934126656,229.042102,-0.069946,21.784,20.62,20.032,19.859,19.864
588848899934126657,229.042215,-0.069004,21.962,20.722,20.395,20.227,20.326
588848899934126658,229.042705,-0.069755,22.034,21.001,20.814,20.765,20.47
588848899934126669,229.046313,-0.143175,18.699,17.391,17.478,17.579,17.638
588848899934126670,229.045154,-0.141874,20.26,18.822,18.191,17.935,17.779
588848899934126674,229.047557,-0.141713,24.197,22.908,22.35,22.616,21.826
588848899934126682,229.056731,-0.121641,22.808,21.572,21.285,21.15,20.83
588848899934126695,229.055808,-0.086634,18.815,17.75,17.337,17.182,17.109
588848899934126696,229.055786,-0.088491,21.441,20.473,20.126,20.022,19.792
588848899934126731,229.061923,-0.099998,25.172,22.682,22.074,22.1,22.172
588848899934126856,228.965156,-0.121363,21.852,20.701,20.379,20.268,20.405
588848899934126870,228.96657,-0.091283,21.763,20.922,20.501,20.438,20.495
588848899934126872,228.967617,-0.092092,25.883,23.508,22.081,20.46,19.457
588848899934126874,228.966568,-0.09802,21.763,20.918,20.644,20.419,20.416
588848899934126878,228.968133,-0.11985,21.691,20.163,19.631,19.381,19.291
588848899934126891,228.969943,-0.124818,22.23,21.499,21.228,20.914,20.827
588848899934126906,228.974635,-0.140017,20.372,18.917,18.3,18.046,17.898
588848899934126943,228.976362,-0.07907,21.837,20.427,20.021,19.863,19.756
588848899934126974,228.981329,-0.143342,21.47,20.483,20.144,19.986,19.846
588848899934126977,228.983161,-0.143225,22.952,21.874,21.428,21.292,21.093
588848899934126978,228.982063,-0.146449,22.695,21.898,21.666,21.428,21.717
588848899934127017,228.984565,-0.14647,22.436,21.434,21.036,20.923,21.333
588848899934127018,228.985158,-0.146146,23.658,22.352,22.114,21.838,22.078
588848899934127035,228.988251,-0.065044,24.742,24.393,23.181,21.319,20.052
588848899934127172,228.997708,-0.061982,21.334,19.955,19.387,19.181,19.049
588848899934127295,229.01266,-0.156896,22.262,21.334,20.994,20.812,20.96
588848899934127298,229.014884,-0.059514,21.733,20.798,20.455,20.302,20.295
588848899934127299,229.016752,-0.060288,23.033,21.88,21.633,21.395,21.24
588848899934127300,229.015233,-0.060524,23.335,22.033,21.629,21.653,21.526
588848899934127338,229.016941,-0.154215,23.158,22.038,21.679,21.546,21.345
588848899934127341,229.021883,-0.154802,24.114,22.675,22.074,22.087,21.394
588848899934127399,229.028036,-0.064387,21.679,20.026,19.364,19.091,19.116
588848899934127400,229.029318,-0.065389,21.681,20.632,20.361,20.282,20.149
588848899934127442,229.032618,-0.063868,21.501,20.551,20.17,20.017,20.144
588848899934127453,229.037887,-0.14772,22.018,21.366,20.999,20.902,20.639
588848899934127505,229.036503,-0.149733,21.115,19.944,19.873,19.851,19.959
588848899934127507,229.04223,-0.147769,21.509,20.45,20.081,19.927,20.118
588848899934127509,229.040105,-0.147847,22.318,21.494,21.241,21.068,21.086
588848899934127510,229.041188,-0.146402,22.428,21.46,21.068,20.885,20.692
588848899934127511,229.037608,-0.150346,22.655,21.716,21.266,21.243,20.862
588848899934127513,229.04011,-0.148775,23.985,23.15,22.746,22.726,22.318
588848899934127572,229.045669,-0.075537,21.711,20.556,20.187,20.063,19.849
588848899934127607,229.04922,-0.139706,21.624,20.601,20.225,19.996,19.842
588848899934127608,229.051674,-0.13706,22.231,21.434,21.073,20.941,21.173
588848899934127609,229.050945,-0.137232,23.015,21.644,21.234,21.259,21.226
588848899934127611,229.049388,-0.137874,22.972,22.397,22.031,21.615,20.934
588848899934127613,229.051477,-0.139213,23.752,23.356,22.439,22.372,21.313
588848899934127614,229.050307,-0.139038,23.72,23.036,22.757,22.652,22.009
588848899934127620,229.049112,-0.078914,22.209,21.466,21.029,21.057,20.931
588848899934127622,229.050702,-0.077435,23.633,22.212,21.987,21.569,21.658
588848899934127623,229.049181,-0.077666,22.66,22.485,22.028,21.736,21.632
588848899934127624,229.051142,-0.081498,23.145,22.878,22.168,21.924,21.108
588848899934127629,229.051485,-0.133315,21.654,20.368,19.87,19.677,19.614
588848899934127630,229.054114,-0.13274,22.03,20.754,20.499,20.35,20.541
588848899934127632,229.053026,-0.132651,23.56,23.87,22.715,22.024,21.565
588848899934127677,229.054025,-0.129856,23.988,22.098,21.708,21.557,21.375
588848899934127691,229.056515,-0.12902,21.958,20.7,20.338,20.247,20.2
588848899934127692,229.056343,-0.128358,22.343,21.185,20.779,20.651,21.215
588848899934127701,229.057716,-0.118358,21.989,20.974,20.684,20.452,20.476
588848899934127708,229.060427,-0.117602,21.822,20.762,20.37,20.282,20.273
588848899934127710,229.061096,-0.116514,23.352,23.164,23.081,22.255,21.836
588848899934127721,229.060201,-0.094923,23.468,21.473,20.026,19.139,18.738
588848899934127920,228.9927,-0.153512,22.792,21.861,21.482,21.455,21.4
588848899934127934,229.058973,-0.111663,25.168,22.487,21.002,19.739,19.058
588848899934128088,228.989298,-0.151912,23.392,22.185,21.706,21.697,21.36
588848899934128114,229.001259,-0.061493,22.384,21.626,21.233,21.113,21.362
588848899934128115,229.001026,-0.063163,23.019,22.47,21.995,21.897,22.893
588848899934128116,229.002022,-0.062482,23.734,22.767,22.195,22.364,21.576
588848899934128144,229.010132,-0.061731,22.278,21.353,20.941,20.906,21.051
588848899934128145,229.010969,-0.062211,22.798,22.001,21.61,21.497,21.388
588848899934128146,229.01002,-0.06081,23.786,22.872,22.171,22.349,21.656
588848899934128197,229.02613,-0.061584,22.52,21.494,21.21,21.025,20.857
588848899934128198,229.027218,-0.061635,24.069,23.15,22.176,21.872,21.708
588848899934128235,229.043345,-0.144506,22.921,21.712,21.325,21.351,21.319
588848899934128239,229.041592,-0.144244,24.115,22.453,21.615,21.655,21.138
588848899934128289,229.058962,-0.120734,22.278,21.47,20.951,20.864,20.997
588848899934128290,229.06103,-0.12045,23.289,22.422,21.709,21.92,21.28
588848899934128295,229.060276,-0.102867,22.307,21.517,21.091,21.103,21.151
588848899934128296,229.061387,-0.105736,22.776,21.5,21.209,21.053,20.901
588848899934128297,229.062232,-0.104452,22.469,21.751,21.417,21.204,21.417
588848899934128298,229.061779,-0.102658,23.251,22.078,21.685,21.52,21.757
588848899934128304,229.060495,-0.108505,22.245,22.045,21.693,21.441,21.712
588848899934128305,229.061409,-0.1098,23.357,22.403,21.861,21.667,22.303
588848899934128546,228.964409,-0.10703,23.562,22.507,22.13,22.323,21.448
588848899934128563,228.964665,-0.114509,23.089,21.998,21.101,20.736,20.51
588848899934128564,228.966219,-0.114138,23.666,22.729,22.421,21.975,21.963
588848899934128568,228.967407,-0.095674,22.575,22.001,21.7,21.529,21.499
588848899934128578,228.968967,-0.084264,24.056,22.632,22.656,22.114,22.367
588848899934128581,228.970084,-0.088801,23.281,22.155,21.775,21.592,22.277
588848899934128635,228.978644,-0.142184,25.116,22.7,22.372,22.093,21.929
588848899934128652,228.980767,-0.071034,23.636,22.106,21.527,21.238,21.385
588848899934128708,228.987442,-0.06957,23.017,21.784,21.423,21.272,21.222
588848899934128748,228.992201,-0.149613,22.598,21.804,21.34,21.232,21.025
588848899934128755,228.993242,-0.151386,23.498,22.456,21.924,21.614,21.61
588848899934128760,228.995292,-0.1538,23.722,22.689,22.35,22.101,21.336
588848899934128769,228.997051,-0.153889,23.698,23.237,22.365,22.342,22.233
588848899934128812,229.005028,-0.059752,23.579,22.514,22.202,21.984,21.663
588848899934128830,229.007185,-0.153738,23.012,22.623,22.235,22.232,21.938
588848899934128851,229.008906,-0.059722,24.155,22.171,21.724,21.581,22.479
588848899934128947,229.024483,-0.154079,24.869,23.272,22.741,22.373,22.043
588848899934128971,229.027917,-0.155501,24.467,22.397,22.099,21.827,21.892
588848899934129020,229.036757,-0.067073,24.07,23.185,22.248,22.277,22.323
588848899934129095,229.047679,-0.075985,25.602,24.199,22.466,21.668,21.573
588848899934129096,229.047563,-0.074413,23.781,22.236,21.863,21.883,21.322
588848899934129144,229.053523,-0.085917,22.909,23.146,23.042,22.055,21.346
588848899934129150,229.054996,-0.083174,25.865,23.154,21.874,21.282,21.295
588848899934129152,229.054373,-0.084574,24.289,22.418,21.798,21.715,21.556
588848899934129154,229.056656,-0.08441,23.689,22.403,22.133,21.846,21.998
588848899934129180,229.057376,-0.125375,23.428,22.245,21.68,21.568,21.631
588848899934129181,229.057984,-0.126473,22.938,22.817,21.995,22.079,22.252
588848899934129184,229.058928,-0.115907,23.262,22.299,21.711,21.652,21.556
588848899934129185,229.059534,-0.092662,24.965,22.999,22.154,21.944,21.351
588848899934129471,229.059858,-0.100771,23.628,23.589,22.734,22.747,22.025
588848899934129512,228.978849,-0.076843,24.687,24.222,23.117,22.17,21.286
